Name,Class
A1.jpg,A
A10.jpg,A
A100.jpg,A
A1000.jpg,A
A1001.jpg,A
A1002.jpg,A
A1003.jpg,A
A1004.jpg,A
A1005.jpg,A
A1006.jpg,A
A1007.jpg,A
A1008.jpg,A
A1009.jpg,A
A101.jpg,A
A1010.jpg,A
A1011.jpg,A
A1012.jpg,A
A1013.jpg,A
A1014.jpg,A
A1015.jpg,A
A1016.jpg,A
A1017.jpg,A
A1018.jpg,A
A1019.jpg,A
A102.jpg,A
A1020.jpg,A
A1021.jpg,A
A1022.jpg,A
A1023.jpg,A
A1024.jpg,A
A1025.jpg,A
A1026.jpg,A
A1027.jpg,A
A1028.jpg,A
A1029.jpg,A
A103.jpg,A
A1030.jpg,A
A1031.jpg,A
A1032.jpg,A
A1033.jpg,A
A1034.jpg,A
A1035.jpg,A
A1036.jpg,A
A1037.jpg,A
A1038.jpg,A
A1039.jpg,A
A104.jpg,A
A1040.jpg,A
A1041.jpg,A
A1042.jpg,A
A1043.jpg,A
A1044.jpg,A
A1045.jpg,A
A1046.jpg,A
A1047.jpg,A
A1048.jpg,A
A1049.jpg,A
A105.jpg,A
A1050.jpg,A
A1051.jpg,A
A1052.jpg,A
A1053.jpg,A
A1054.jpg,A
A1055.jpg,A
A1056.jpg,A
A1057.jpg,A
A1058.jpg,A
A1059.jpg,A
A106.jpg,A
A1060.jpg,A
A1061.jpg,A
A1062.jpg,A
A1063.jpg,A
A1064.jpg,A
A1065.jpg,A
A1066.jpg,A
A1067.jpg,A
A1068.jpg,A
A1069.jpg,A
A107.jpg,A
A1070.jpg,A
A1071.jpg,A
A1072.jpg,A
A1073.jpg,A
A1074.jpg,A
A1075.jpg,A
A1076.jpg,A
A1077.jpg,A
A1078.jpg,A
A1079.jpg,A
A108.jpg,A
A1080.jpg,A
A1081.jpg,A
A1082.jpg,A
A1083.jpg,A
A1084.jpg,A
A1085.jpg,A
A1086.jpg,A
A1087.jpg,A
A1088.jpg,A
A1089.jpg,A
B1.jpg,B
B10.jpg,B
B100.jpg,B
B1000.jpg,B
B1001.jpg,B
B1002.jpg,B
B1003.jpg,B
B1004.jpg,B
B1005.jpg,B
B1006.jpg,B
B1007.jpg,B
B1008.jpg,B
B1009.jpg,B
B101.jpg,B
B1010.jpg,B
B1011.jpg,B
B1012.jpg,B
B1013.jpg,B
B1014.jpg,B
B1015.jpg,B
B1016.jpg,B
B1017.jpg,B
B1018.jpg,B
B1019.jpg,B
B102.jpg,B
B1020.jpg,B
B1021.jpg,B
B1022.jpg,B
B1023.jpg,B
B1024.jpg,B
B1025.jpg,B
B1026.jpg,B
B1027.jpg,B
B1028.jpg,B
B1029.jpg,B
B103.jpg,B
B1030.jpg,B
B1031.jpg,B
B1032.jpg,B
B1033.jpg,B
B1034.jpg,B
B1035.jpg,B
B1036.jpg,B
B1037.jpg,B
B1038.jpg,B
B1039.jpg,B
B104.jpg,B
B1040.jpg,B
B1041.jpg,B
B1042.jpg,B
B1043.jpg,B
B1044.jpg,B
B1045.jpg,B
B1046.jpg,B
B1047.jpg,B
B1048.jpg,B
B1049.jpg,B
B105.jpg,B
B1050.jpg,B
B1051.jpg,B
B1052.jpg,B
B1053.jpg,B
B1054.jpg,B
B1055.jpg,B
B1056.jpg,B
B1057.jpg,B
B1058.jpg,B
B1059.jpg,B
B106.jpg,B
B1060.jpg,B
B1061.jpg,B
B1062.jpg,B
B1063.jpg,B
B1064.jpg,B
B1065.jpg,B
B1066.jpg,B
B1067.jpg,B
B1068.jpg,B
B1069.jpg,B
B107.jpg,B
B1070.jpg,B
B1071.jpg,B
B1072.jpg,B
B1073.jpg,B
B1074.jpg,B
B1075.jpg,B
B1076.jpg,B
B1077.jpg,B
B1078.jpg,B
B1079.jpg,B
B108.jpg,B
B1080.jpg,B
B1081.jpg,B
B1082.jpg,B
B1083.jpg,B
B1084.jpg,B
B1085.jpg,B
B1086.jpg,B
B1087.jpg,B
B1088.jpg,B
B1089.jpg,B
C1.jpg,C
C10.jpg,C
C100.jpg,C
C1000.jpg,C
C1001.jpg,C
C1002.jpg,C
C1003.jpg,C
C1004.jpg,C
C1005.jpg,C
C1006.jpg,C
C1007.jpg,C
C1008.jpg,C
C1009.jpg,C
C101.jpg,C
C1010.jpg,C
C1011.jpg,C
C1012.jpg,C
C1013.jpg,C
C1014.jpg,C
C1015.jpg,C
C1016.jpg,C
C1017.jpg,C
C1018.jpg,C
C1019.jpg,C
C102.jpg,C
C1020.jpg,C
C1021.jpg,C
C1022.jpg,C
C1023.jpg,C
C1024.jpg,C
C1025.jpg,C
C1026.jpg,C
C1027.jpg,C
C1028.jpg,C
C1029.jpg,C
C103.jpg,C
C1030.jpg,C
C1031.jpg,C
C1032.jpg,C
C1033.jpg,C
C1034.jpg,C
C1035.jpg,C
C1036.jpg,C
C1037.jpg,C
C1038.jpg,C
C1039.jpg,C
C104.jpg,C
C1040.jpg,C
C1041.jpg,C
C1042.jpg,C
C1043.jpg,C
C1044.jpg,C
C1045.jpg,C
C1046.jpg,C
C1047.jpg,C
C1048.jpg,C
C1049.jpg,C
C105.jpg,C
C1050.jpg,C
C1051.jpg,C
C1052.jpg,C
C1053.jpg,C
C1054.jpg,C
C1055.jpg,C
C1056.jpg,C
C1057.jpg,C
C1058.jpg,C
C1059.jpg,C
C106.jpg,C
C1060.jpg,C
C1061.jpg,C
C1062.jpg,C
C1063.jpg,C
C1064.jpg,C
C1065.jpg,C
C1066.jpg,C
C1067.jpg,C
C1068.jpg,C
C1069.jpg,C
C107.jpg,C
C1070.jpg,C
C1071.jpg,C
C1072.jpg,C
C1073.jpg,C
C1074.jpg,C
C1075.jpg,C
C1076.jpg,C
C1077.jpg,C
C1078.jpg,C
C1079.jpg,C
C108.jpg,C
C1080.jpg,C
C1081.jpg,C
C1082.jpg,C
C1083.jpg,C
C1084.jpg,C
C1085.jpg,C
C1086.jpg,C
C1087.jpg,C
C1088.jpg,C
C1089.jpg,C
D1.jpg,D
D10.jpg,D
D100.jpg,D
D1000.jpg,D
D1001.jpg,D
D1002.jpg,D
D1003.jpg,D
D1004.jpg,D
D1005.jpg,D
D1006.jpg,D
D1007.jpg,D
D1008.jpg,D
D1009.jpg,D
D101.jpg,D
D1010.jpg,D
D1011.jpg,D
D1012.jpg,D
D1013.jpg,D
D1014.jpg,D
D1015.jpg,D
D1016.jpg,D
D1017.jpg,D
D1018.jpg,D
D1019.jpg,D
D102.jpg,D
D1020.jpg,D
D1021.jpg,D
D1022.jpg,D
D1023.jpg,D
D1024.jpg,D
D1025.jpg,D
D1026.jpg,D
D1027.jpg,D
D1028.jpg,D
D1029.jpg,D
D103.jpg,D
D1030.jpg,D
D1031.jpg,D
D1032.jpg,D
D1033.jpg,D
D1034.jpg,D
D1035.jpg,D
D1036.jpg,D
D1037.jpg,D
D1038.jpg,D
D1039.jpg,D
D104.jpg,D
D1040.jpg,D
D1041.jpg,D
D1042.jpg,D
D1043.jpg,D
D1044.jpg,D
D1045.jpg,D
D1046.jpg,D
D1047.jpg,D
D1048.jpg,D
D1049.jpg,D
D105.jpg,D
D1050.jpg,D
D1051.jpg,D
D1052.jpg,D
D1053.jpg,D
D1054.jpg,D
D1055.jpg,D
D1056.jpg,D
D1057.jpg,D
D1058.jpg,D
D1059.jpg,D
D106.jpg,D
D1060.jpg,D
D1061.jpg,D
D1062.jpg,D
D1063.jpg,D
D1064.jpg,D
D1065.jpg,D
D1066.jpg,D
D1067.jpg,D
D1068.jpg,D
D1069.jpg,D
D107.jpg,D
D1070.jpg,D
D1071.jpg,D
D1072.jpg,D
D1073.jpg,D
D1074.jpg,D
D1075.jpg,D
D1076.jpg,D
D1077.jpg,D
D1078.jpg,D
D1079.jpg,D
D108.jpg,D
D1080.jpg,D
D1081.jpg,D
D1082.jpg,D
D1083.jpg,D
D1084.jpg,D
D1085.jpg,D
D1086.jpg,D
D1087.jpg,D
D1088.jpg,D
D1089.jpg,D
E1.jpg,E
E10.jpg,E
E100.jpg,E
E1000.jpg,E
E1001.jpg,E
E1002.jpg,E
E1003.jpg,E
E1004.jpg,E
E1005.jpg,E
E1006.jpg,E
E1007.jpg,E
E1008.jpg,E
E1009.jpg,E
E101.jpg,E
E1010.jpg,E
E1011.jpg,E
E1012.jpg,E
E1013.jpg,E
E1014.jpg,E
E1015.jpg,E
E1016.jpg,E
E1017.jpg,E
E1018.jpg,E
E1019.jpg,E
E102.jpg,E
E1020.jpg,E
E1021.jpg,E
E1022.jpg,E
E1023.jpg,E
E1024.jpg,E
E1025.jpg,E
E1026.jpg,E
E1027.jpg,E
E1028.jpg,E
E1029.jpg,E
E103.jpg,E
E1030.jpg,E
E1031.jpg,E
E1032.jpg,E
E1033.jpg,E
E1034.jpg,E
E1035.jpg,E
E1036.jpg,E
E1037.jpg,E
E1038.jpg,E
E1039.jpg,E
E104.jpg,E
E1040.jpg,E
E1041.jpg,E
E1042.jpg,E
E1043.jpg,E
E1044.jpg,E
E1045.jpg,E
E1046.jpg,E
E1047.jpg,E
E1048.jpg,E
E1049.jpg,E
E105.jpg,E
E1050.jpg,E
E1051.jpg,E
E1052.jpg,E
E1053.jpg,E
E1054.jpg,E
E1055.jpg,E
E1056.jpg,E
E1057.jpg,E
E1058.jpg,E
E1059.jpg,E
E106.jpg,E
E1060.jpg,E
E1061.jpg,E
E1062.jpg,E
E1063.jpg,E
E1064.jpg,E
E1065.jpg,E
E1066.jpg,E
E1067.jpg,E
E1068.jpg,E
E1069.jpg,E
E107.jpg,E
E1070.jpg,E
E1071.jpg,E
E1072.jpg,E
E1073.jpg,E
E1074.jpg,E
E1075.jpg,E
E1076.jpg,E
E1077.jpg,E
E1078.jpg,E
E1079.jpg,E
E108.jpg,E
E1080.jpg,E
E1081.jpg,E
E1082.jpg,E
E1083.jpg,E
E1084.jpg,E
E1085.jpg,E
E1086.jpg,E
E1087.jpg,E
E1088.jpg,E
E1089.jpg,E
F1.jpg,F
F10.jpg,F
F100.jpg,F
F1000.jpg,F
F1001.jpg,F
F1002.jpg,F
F1003.jpg,F
F1004.jpg,F
F1005.jpg,F
F1006.jpg,F
F1007.jpg,F
F1008.jpg,F
F1009.jpg,F
F101.jpg,F
F1010.jpg,F
F1011.jpg,F
F1012.jpg,F
F1013.jpg,F
F1014.jpg,F
F1015.jpg,F
F1016.jpg,F
F1017.jpg,F
F1018.jpg,F
F1019.jpg,F
F102.jpg,F
F1020.jpg,F
F1021.jpg,F
F1022.jpg,F
F1023.jpg,F
F1024.jpg,F
F1025.jpg,F
F1026.jpg,F
F1027.jpg,F
F1028.jpg,F
F1029.jpg,F
F103.jpg,F
F1030.jpg,F
F1031.jpg,F
F1032.jpg,F
F1033.jpg,F
F1034.jpg,F
F1035.jpg,F
F1036.jpg,F
F1037.jpg,F
F1038.jpg,F
F1039.jpg,F
F104.jpg,F
F1040.jpg,F
F1041.jpg,F
F1042.jpg,F
F1043.jpg,F
F1044.jpg,F
F1045.jpg,F
F1046.jpg,F
F1047.jpg,F
F1048.jpg,F
F1049.jpg,F
F105.jpg,F
F1050.jpg,F
F1051.jpg,F
F1052.jpg,F
F1053.jpg,F
F1054.jpg,F
F1055.jpg,F
F1056.jpg,F
F1057.jpg,F
F1058.jpg,F
F1059.jpg,F
F106.jpg,F
F1060.jpg,F
F1061.jpg,F
F1062.jpg,F
F1063.jpg,F
F1064.jpg,F
F1065.jpg,F
F1066.jpg,F
F1067.jpg,F
F1068.jpg,F
F1069.jpg,F
F107.jpg,F
F1070.jpg,F
F1071.jpg,F
F1072.jpg,F
F1073.jpg,F
F1074.jpg,F
F1075.jpg,F
F1076.jpg,F
F1077.jpg,F
F1078.jpg,F
F1079.jpg,F
F108.jpg,F
F1080.jpg,F
F1081.jpg,F
F1082.jpg,F
F1083.jpg,F
F1084.jpg,F
F1085.jpg,F
F1086.jpg,F
F1087.jpg,F
F1088.jpg,F
F1089.jpg,F
G1.jpg,G
G10.jpg,G
G100.jpg,G
G1000.jpg,G
G1001.jpg,G
G1002.jpg,G
G1003.jpg,G
G1004.jpg,G
G1005.jpg,G
G1006.jpg,G
G1007.jpg,G
G1008.jpg,G
G1009.jpg,G
G101.jpg,G
G1010.jpg,G
G1011.jpg,G
G1012.jpg,G
G1013.jpg,G
G1014.jpg,G
G1015.jpg,G
G1016.jpg,G
G1017.jpg,G
G1018.jpg,G
G1019.jpg,G
G102.jpg,G
G1020.jpg,G
G1021.jpg,G
G1022.jpg,G
G1023.jpg,G
G1024.jpg,G
G1025.jpg,G
G1026.jpg,G
G1027.jpg,G
G1028.jpg,G
G1029.jpg,G
G103.jpg,G
G1030.jpg,G
G1031.jpg,G
G1032.jpg,G
G1033.jpg,G
G1034.jpg,G
G1035.jpg,G
G1036.jpg,G
G1037.jpg,G
G1038.jpg,G
G1039.jpg,G
G104.jpg,G
G1040.jpg,G
G1041.jpg,G
G1042.jpg,G
G1043.jpg,G
G1044.jpg,G
G1045.jpg,G
G1046.jpg,G
G1047.jpg,G
G1048.jpg,G
G1049.jpg,G
G105.jpg,G
G1050.jpg,G
G1051.jpg,G
G1052.jpg,G
G1053.jpg,G
G1054.jpg,G
G1055.jpg,G
G1056.jpg,G
G1057.jpg,G
G1058.jpg,G
G1059.jpg,G
G106.jpg,G
G1060.jpg,G
G1061.jpg,G
G1062.jpg,G
G1063.jpg,G
G1064.jpg,G
G1065.jpg,G
G1066.jpg,G
G1067.jpg,G
G1068.jpg,G
G1069.jpg,G
G107.jpg,G
G1070.jpg,G
G1071.jpg,G
G1072.jpg,G
G1073.jpg,G
G1074.jpg,G
G1075.jpg,G
G1076.jpg,G
G1077.jpg,G
G1078.jpg,G
G1079.jpg,G
G108.jpg,G
G1080.jpg,G
G1081.jpg,G
G1082.jpg,G
G1083.jpg,G
G1084.jpg,G
G1085.jpg,G
G1086.jpg,G
G1087.jpg,G
G1088.jpg,G
G1089.jpg,G
H1.jpg,H
H10.jpg,H
H100.jpg,H
H1000.jpg,H
H1001.jpg,H
H1002.jpg,H
H1003.jpg,H
H1004.jpg,H
H1005.jpg,H
H1006.jpg,H
H1007.jpg,H
H1008.jpg,H
H1009.jpg,H
H101.jpg,H
H1010.jpg,H
H1011.jpg,H
H1012.jpg,H
H1013.jpg,H
H1014.jpg,H
H1015.jpg,H
H1016.jpg,H
H1017.jpg,H
H1018.jpg,H
H1019.jpg,H
H102.jpg,H
H1020.jpg,H
H1021.jpg,H
H1022.jpg,H
H1023.jpg,H
H1024.jpg,H
H1025.jpg,H
H1026.jpg,H
H1027.jpg,H
H1028.jpg,H
H1029.jpg,H
H103.jpg,H
H1030.jpg,H
H1031.jpg,H
H1032.jpg,H
H1033.jpg,H
H1034.jpg,H
H1035.jpg,H
H1036.jpg,H
H1037.jpg,H
H1038.jpg,H
H1039.jpg,H
H104.jpg,H
H1040.jpg,H
H1041.jpg,H
H1042.jpg,H
H1043.jpg,H
H1044.jpg,H
H1045.jpg,H
H1046.jpg,H
H1047.jpg,H
H1048.jpg,H
H1049.jpg,H
H105.jpg,H
H1050.jpg,H
H1051.jpg,H
H1052.jpg,H
H1053.jpg,H
H1054.jpg,H
H1055.jpg,H
H1056.jpg,H
H1057.jpg,H
H1058.jpg,H
H1059.jpg,H
H106.jpg,H
H1060.jpg,H
H1061.jpg,H
H1062.jpg,H
H1063.jpg,H
H1064.jpg,H
H1065.jpg,H
H1066.jpg,H
H1067.jpg,H
H1068.jpg,H
H1069.jpg,H
H107.jpg,H
H1070.jpg,H
H1071.jpg,H
H1072.jpg,H
H1073.jpg,H
H1074.jpg,H
H1075.jpg,H
H1076.jpg,H
H1077.jpg,H
H1078.jpg,H
H1079.jpg,H
H108.jpg,H
H1080.jpg,H
H1081.jpg,H
H1082.jpg,H
H1083.jpg,H
H1084.jpg,H
H1085.jpg,H
H1086.jpg,H
H1087.jpg,H
H1088.jpg,H
H1089.jpg,H
I1.jpg,I
I10.jpg,I
I100.jpg,I
I1000.jpg,I
I1001.jpg,I
I1002.jpg,I
I1003.jpg,I
I1004.jpg,I
I1005.jpg,I
I1006.jpg,I
I1007.jpg,I
I1008.jpg,I
I1009.jpg,I
I101.jpg,I
I1010.jpg,I
I1011.jpg,I
I1012.jpg,I
I1013.jpg,I
I1014.jpg,I
I1015.jpg,I
I1016.jpg,I
I1017.jpg,I
I1018.jpg,I
I1019.jpg,I
I102.jpg,I
I1020.jpg,I
I1021.jpg,I
I1022.jpg,I
I1023.jpg,I
I1024.jpg,I
I1025.jpg,I
I1026.jpg,I
I1027.jpg,I
I1028.jpg,I
I1029.jpg,I
I103.jpg,I
I1030.jpg,I
I1031.jpg,I
I1032.jpg,I
I1033.jpg,I
I1034.jpg,I
I1035.jpg,I
I1036.jpg,I
I1037.jpg,I
I1038.jpg,I
I1039.jpg,I
I104.jpg,I
I1040.jpg,I
I1041.jpg,I
I1042.jpg,I
I1043.jpg,I
I1044.jpg,I
I1045.jpg,I
I1046.jpg,I
I1047.jpg,I
I1048.jpg,I
I1049.jpg,I
I105.jpg,I
I1050.jpg,I
I1051.jpg,I
I1052.jpg,I
I1053.jpg,I
I1054.jpg,I
I1055.jpg,I
I1056.jpg,I
I1057.jpg,I
I1058.jpg,I
I1059.jpg,I
I106.jpg,I
I1060.jpg,I
I1061.jpg,I
I1062.jpg,I
I1063.jpg,I
I1064.jpg,I
I1065.jpg,I
I1066.jpg,I
I1067.jpg,I
I1068.jpg,I
I1069.jpg,I
I107.jpg,I
I1070.jpg,I
I1071.jpg,I
I1072.jpg,I
I1073.jpg,I
I1074.jpg,I
I1075.jpg,I
I1076.jpg,I
I1077.jpg,I
I1078.jpg,I
I1079.jpg,I
I108.jpg,I
I1080.jpg,I
I1081.jpg,I
I1082.jpg,I
I1083.jpg,I
I1084.jpg,I
I1085.jpg,I
I1086.jpg,I
I1087.jpg,I
I1088.jpg,I
I1089.jpg,I
J1.jpg,J
J10.jpg,J
J100.jpg,J
J1000.jpg,J
J1001.jpg,J
J1002.jpg,J
J1003.jpg,J
J1004.jpg,J
J1005.jpg,J
J1006.jpg,J
J1007.jpg,J
J1008.jpg,J
J1009.jpg,J
J101.jpg,J
J1010.jpg,J
J1011.jpg,J
J1012.jpg,J
J1013.jpg,J
J1014.jpg,J
J1015.jpg,J
J1016.jpg,J
J1017.jpg,J
J1018.jpg,J
J1019.jpg,J
J102.jpg,J
J1020.jpg,J
J1021.jpg,J
J1022.jpg,J
J1023.jpg,J
J1024.jpg,J
J1025.jpg,J
J1026.jpg,J
J1027.jpg,J
J1028.jpg,J
J1029.jpg,J
J103.jpg,J
J1030.jpg,J
J1031.jpg,J
J1032.jpg,J
J1033.jpg,J
J1034.jpg,J
J1035.jpg,J
J1036.jpg,J
J1037.jpg,J
J1038.jpg,J
J1039.jpg,J
J104.jpg,J
J1040.jpg,J
J1041.jpg,J
J1042.jpg,J
J1043.jpg,J
J1044.jpg,J
J1045.jpg,J
J1046.jpg,J
J1047.jpg,J
J1048.jpg,J
J1049.jpg,J
J105.jpg,J
J1050.jpg,J
J1051.jpg,J
J1052.jpg,J
J1053.jpg,J
J1054.jpg,J
J1055.jpg,J
J1056.jpg,J
J1057.jpg,J
J1058.jpg,J
J1059.jpg,J
J106.jpg,J
J1060.jpg,J
J1061.jpg,J
J1062.jpg,J
J1063.jpg,J
J1064.jpg,J
J1065.jpg,J
J1066.jpg,J
J1067.jpg,J
J1068.jpg,J
J1069.jpg,J
J107.jpg,J
J1070.jpg,J
J1071.jpg,J
J1072.jpg,J
J1073.jpg,J
J1074.jpg,J
J1075.jpg,J
J1076.jpg,J
J1077.jpg,J
J1078.jpg,J
J1079.jpg,J
J108.jpg,J
J1080.jpg,J
J1081.jpg,J
J1082.jpg,J
J1083.jpg,J
J1084.jpg,J
J1085.jpg,J
J1086.jpg,J
J1087.jpg,J
J1088.jpg,J
J1089.jpg,J
K1.jpg,K
K10.jpg,K
K100.jpg,K
K1000.jpg,K
K1001.jpg,K
K1002.jpg,K
K1003.jpg,K
K1004.jpg,K
K1005.jpg,K
K1006.jpg,K
K1007.jpg,K
K1008.jpg,K
K1009.jpg,K
K101.jpg,K
K1010.jpg,K
K1011.jpg,K
K1012.jpg,K
K1013.jpg,K
K1014.jpg,K
K1015.jpg,K
K1016.jpg,K
K1017.jpg,K
K1018.jpg,K
K1019.jpg,K
K102.jpg,K
K1020.jpg,K
K1021.jpg,K
K1022.jpg,K
K1023.jpg,K
K1024.jpg,K
K1025.jpg,K
K1026.jpg,K
K1027.jpg,K
K1028.jpg,K
K1029.jpg,K
K103.jpg,K
K1030.jpg,K
K1031.jpg,K
K1032.jpg,K
K1033.jpg,K
K1034.jpg,K
K1035.jpg,K
K1036.jpg,K
K1037.jpg,K
K1038.jpg,K
K1039.jpg,K
K104.jpg,K
K1040.jpg,K
K1041.jpg,K
K1042.jpg,K
K1043.jpg,K
K1044.jpg,K
K1045.jpg,K
K1046.jpg,K
K1047.jpg,K
K1048.jpg,K
K1049.jpg,K
K105.jpg,K
K1050.jpg,K
K1051.jpg,K
K1052.jpg,K
K1053.jpg,K
K1054.jpg,K
K1055.jpg,K
K1056.jpg,K
K1057.jpg,K
K1058.jpg,K
K1059.jpg,K
K106.jpg,K
K1060.jpg,K
K1061.jpg,K
K1062.jpg,K
K1063.jpg,K
K1064.jpg,K
K1065.jpg,K
K1066.jpg,K
K1067.jpg,K
K1068.jpg,K
K1069.jpg,K
K107.jpg,K
K1070.jpg,K
K1071.jpg,K
K1072.jpg,K
K1073.jpg,K
K1074.jpg,K
K1075.jpg,K
K1076.jpg,K
K1077.jpg,K
K1078.jpg,K
K1079.jpg,K
K108.jpg,K
K1080.jpg,K
K1081.jpg,K
K1082.jpg,K
K1083.jpg,K
K1084.jpg,K
K1085.jpg,K
K1086.jpg,K
K1087.jpg,K
K1088.jpg,K
K1089.jpg,K
L1.jpg,L
L10.jpg,L
L100.jpg,L
L1000.jpg,L
L1001.jpg,L
L1002.jpg,L
L1003.jpg,L
L1004.jpg,L
L1005.jpg,L
L1006.jpg,L
L1007.jpg,L
L1008.jpg,L
L1009.jpg,L
L101.jpg,L
L1010.jpg,L
L1011.jpg,L
L1012.jpg,L
L1013.jpg,L
L1014.jpg,L
L1015.jpg,L
L1016.jpg,L
L1017.jpg,L
L1018.jpg,L
L1019.jpg,L
L102.jpg,L
L1020.jpg,L
L1021.jpg,L
L1022.jpg,L
L1023.jpg,L
L1024.jpg,L
L1025.jpg,L
L1026.jpg,L
L1027.jpg,L
L1028.jpg,L
L1029.jpg,L
L103.jpg,L
L1030.jpg,L
L1031.jpg,L
L1032.jpg,L
L1033.jpg,L
L1034.jpg,L
L1035.jpg,L
L1036.jpg,L
L1037.jpg,L
L1038.jpg,L
L1039.jpg,L
L104.jpg,L
L1040.jpg,L
L1041.jpg,L
L1042.jpg,L
L1043.jpg,L
L1044.jpg,L
L1045.jpg,L
L1046.jpg,L
L1047.jpg,L
L1048.jpg,L
L1049.jpg,L
L105.jpg,L
L1050.jpg,L
L1051.jpg,L
L1052.jpg,L
L1053.jpg,L
L1054.jpg,L
L1055.jpg,L
L1056.jpg,L
L1057.jpg,L
L1058.jpg,L
L1059.jpg,L
L106.jpg,L
L1060.jpg,L
L1061.jpg,L
L1062.jpg,L
L1063.jpg,L
L1064.jpg,L
L1065.jpg,L
L1066.jpg,L
L1067.jpg,L
L1068.jpg,L
L1069.jpg,L
L107.jpg,L
L1070.jpg,L
L1071.jpg,L
L1072.jpg,L
L1073.jpg,L
L1074.jpg,L
L1075.jpg,L
L1076.jpg,L
L1077.jpg,L
L1078.jpg,L
L1079.jpg,L
L108.jpg,L
L1080.jpg,L
L1081.jpg,L
L1082.jpg,L
L1083.jpg,L
L1084.jpg,L
L1085.jpg,L
L1086.jpg,L
L1087.jpg,L
L1088.jpg,L
L1089.jpg,L
M1.jpg,M
M10.jpg,M
M100.jpg,M
M1000.jpg,M
M1001.jpg,M
M1002.jpg,M
M1003.jpg,M
M1004.jpg,M
M1005.jpg,M
M1006.jpg,M
M1007.jpg,M
M1008.jpg,M
M1009.jpg,M
M101.jpg,M
M1010.jpg,M
M1011.jpg,M
M1012.jpg,M
M1013.jpg,M
M1014.jpg,M
M1015.jpg,M
M1016.jpg,M
M1017.jpg,M
M1018.jpg,M
M1019.jpg,M
M102.jpg,M
M1020.jpg,M
M1021.jpg,M
M1022.jpg,M
M1023.jpg,M
M1024.jpg,M
M1025.jpg,M
M1026.jpg,M
M1027.jpg,M
M1028.jpg,M
M1029.jpg,M
M103.jpg,M
M1030.jpg,M
M1031.jpg,M
M1032.jpg,M
M1033.jpg,M
M1034.jpg,M
M1035.jpg,M
M1036.jpg,M
M1037.jpg,M
M1038.jpg,M
M1039.jpg,M
M104.jpg,M
M1040.jpg,M
M1041.jpg,M
M1042.jpg,M
M1043.jpg,M
M1044.jpg,M
M1045.jpg,M
M1046.jpg,M
M1047.jpg,M
M1048.jpg,M
M1049.jpg,M
M105.jpg,M
M1050.jpg,M
M1051.jpg,M
M1052.jpg,M
M1053.jpg,M
M1054.jpg,M
M1055.jpg,M
M1056.jpg,M
M1057.jpg,M
M1058.jpg,M
M1059.jpg,M
M106.jpg,M
M1060.jpg,M
M1061.jpg,M
M1062.jpg,M
M1063.jpg,M
M1064.jpg,M
M1065.jpg,M
M1066.jpg,M
M1067.jpg,M
M1068.jpg,M
M1069.jpg,M
M107.jpg,M
M1070.jpg,M
M1071.jpg,M
M1072.jpg,M
M1073.jpg,M
M1074.jpg,M
M1075.jpg,M
M1076.jpg,M
M1077.jpg,M
M1078.jpg,M
M1079.jpg,M
M108.jpg,M
M1080.jpg,M
M1081.jpg,M
M1082.jpg,M
M1083.jpg,M
M1084.jpg,M
M1085.jpg,M
M1086.jpg,M
M1087.jpg,M
M1088.jpg,M
M1089.jpg,M
N1.jpg,N
N10.jpg,N
N100.jpg,N
N1000.jpg,N
N1001.jpg,N
N1002.jpg,N
N1003.jpg,N
N1004.jpg,N
N1005.jpg,N
N1006.jpg,N
N1007.jpg,N
N1008.jpg,N
N1009.jpg,N
N101.jpg,N
N1010.jpg,N
N1011.jpg,N
N1012.jpg,N
N1013.jpg,N
N1014.jpg,N
N1015.jpg,N
N1016.jpg,N
N1017.jpg,N
N1018.jpg,N
N1019.jpg,N
N102.jpg,N
N1020.jpg,N
N1021.jpg,N
N1022.jpg,N
N1023.jpg,N
N1024.jpg,N
N1025.jpg,N
N1026.jpg,N
N1027.jpg,N
N1028.jpg,N
N1029.jpg,N
N103.jpg,N
N1030.jpg,N
N1031.jpg,N
N1032.jpg,N
N1033.jpg,N
N1034.jpg,N
N1035.jpg,N
N1036.jpg,N
N1037.jpg,N
N1038.jpg,N
N1039.jpg,N
N104.jpg,N
N1040.jpg,N
N1041.jpg,N
N1042.jpg,N
N1043.jpg,N
N1044.jpg,N
N1045.jpg,N
N1046.jpg,N
N1047.jpg,N
N1048.jpg,N
N1049.jpg,N
N105.jpg,N
N1050.jpg,N
N1051.jpg,N
N1052.jpg,N
N1053.jpg,N
N1054.jpg,N
N1055.jpg,N
N1056.jpg,N
N1057.jpg,N
N1058.jpg,N
N1059.jpg,N
N106.jpg,N
N1060.jpg,N
N1061.jpg,N
N1062.jpg,N
N1063.jpg,N
N1064.jpg,N
N1065.jpg,N
N1066.jpg,N
N1067.jpg,N
N1068.jpg,N
N1069.jpg,N
N107.jpg,N
N1070.jpg,N
N1071.jpg,N
N1072.jpg,N
N1073.jpg,N
N1074.jpg,N
N1075.jpg,N
N1076.jpg,N
N1077.jpg,N
N1078.jpg,N
N1079.jpg,N
N108.jpg,N
N1080.jpg,N
N1081.jpg,N
N1082.jpg,N
N1083.jpg,N
N1084.jpg,N
N1085.jpg,N
N1086.jpg,N
N1087.jpg,N
N1088.jpg,N
N1089.jpg,N
O1.jpg,O
O10.jpg,O
O100.jpg,O
O1000.jpg,O
O1001.jpg,O
O1002.jpg,O
O1003.jpg,O
O1004.jpg,O
O1005.jpg,O
O1006.jpg,O
O1007.jpg,O
O1008.jpg,O
O1009.jpg,O
O101.jpg,O
O1010.jpg,O
O1011.jpg,O
O1012.jpg,O
O1013.jpg,O
O1014.jpg,O
O1015.jpg,O
O1016.jpg,O
O1017.jpg,O
O1018.jpg,O
O1019.jpg,O
O102.jpg,O
O1020.jpg,O
O1021.jpg,O
O1022.jpg,O
O1023.jpg,O
O1024.jpg,O
O1025.jpg,O
O1026.jpg,O
O1027.jpg,O
O1028.jpg,O
O1029.jpg,O
O103.jpg,O
O1030.jpg,O
O1031.jpg,O
O1032.jpg,O
O1033.jpg,O
O1034.jpg,O
O1035.jpg,O
O1036.jpg,O
O1037.jpg,O
O1038.jpg,O
O1039.jpg,O
O104.jpg,O
O1040.jpg,O
O1041.jpg,O
O1042.jpg,O
O1043.jpg,O
O1044.jpg,O
O1045.jpg,O
O1046.jpg,O
O1047.jpg,O
O1048.jpg,O
O1049.jpg,O
O105.jpg,O
O1050.jpg,O
O1051.jpg,O
O1052.jpg,O
O1053.jpg,O
O1054.jpg,O
O1055.jpg,O
O1056.jpg,O
O1057.jpg,O
O1058.jpg,O
O1059.jpg,O
O106.jpg,O
O1060.jpg,O
O1061.jpg,O
O1062.jpg,O
O1063.jpg,O
O1064.jpg,O
O1065.jpg,O
O1066.jpg,O
O1067.jpg,O
O1068.jpg,O
O1069.jpg,O
O107.jpg,O
O1070.jpg,O
O1071.jpg,O
O1072.jpg,O
O1073.jpg,O
O1074.jpg,O
O1075.jpg,O
O1076.jpg,O
O1077.jpg,O
O1078.jpg,O
O1079.jpg,O
O108.jpg,O
O1080.jpg,O
O1081.jpg,O
O1082.jpg,O
O1083.jpg,O
O1084.jpg,O
O1085.jpg,O
O1086.jpg,O
O1087.jpg,O
O1088.jpg,O
O1089.jpg,O
P1.jpg,P
P10.jpg,P
P100.jpg,P
P1000.jpg,P
P1001.jpg,P
P1002.jpg,P
P1003.jpg,P
P1004.jpg,P
P1005.jpg,P
P1006.jpg,P
P1007.jpg,P
P1008.jpg,P
P1009.jpg,P
P101.jpg,P
P1010.jpg,P
P1011.jpg,P
P1012.jpg,P
P1013.jpg,P
P1014.jpg,P
P1015.jpg,P
P1016.jpg,P
P1017.jpg,P
P1018.jpg,P
P1019.jpg,P
P102.jpg,P
P1020.jpg,P
P1021.jpg,P
P1022.jpg,P
P1023.jpg,P
P1024.jpg,P
P1025.jpg,P
P1026.jpg,P
P1027.jpg,P
P1028.jpg,P
P1029.jpg,P
P103.jpg,P
P1030.jpg,P
P1031.jpg,P
P1032.jpg,P
P1033.jpg,P
P1034.jpg,P
P1035.jpg,P
P1036.jpg,P
P1037.jpg,P
P1038.jpg,P
P1039.jpg,P
P104.jpg,P
P1040.jpg,P
P1041.jpg,P
P1042.jpg,P
P1043.jpg,P
P1044.jpg,P
P1045.jpg,P
P1046.jpg,P
P1047.jpg,P
P1048.jpg,P
P1049.jpg,P
P105.jpg,P
P1050.jpg,P
P1051.jpg,P
P1052.jpg,P
P1053.jpg,P
P1054.jpg,P
P1055.jpg,P
P1056.jpg,P
P1057.jpg,P
P1058.jpg,P
P1059.jpg,P
P106.jpg,P
P1060.jpg,P
P1061.jpg,P
P1062.jpg,P
P1063.jpg,P
P1064.jpg,P
P1065.jpg,P
P1066.jpg,P
P1067.jpg,P
P1068.jpg,P
P1069.jpg,P
P107.jpg,P
P1070.jpg,P
P1071.jpg,P
P1072.jpg,P
P1073.jpg,P
P1074.jpg,P
P1075.jpg,P
P1076.jpg,P
P1077.jpg,P
P1078.jpg,P
P1079.jpg,P
P108.jpg,P
P1080.jpg,P
P1081.jpg,P
P1082.jpg,P
P1083.jpg,P
P1084.jpg,P
P1085.jpg,P
P1086.jpg,P
P1087.jpg,P
P1088.jpg,P
P1089.jpg,P
Q1.jpg,Q
Q10.jpg,Q
Q100.jpg,Q
Q1000.jpg,Q
Q1001.jpg,Q
Q1002.jpg,Q
Q1003.jpg,Q
Q1004.jpg,Q
Q1005.jpg,Q
Q1006.jpg,Q
Q1007.jpg,Q
Q1008.jpg,Q
Q1009.jpg,Q
Q101.jpg,Q
Q1010.jpg,Q
Q1011.jpg,Q
Q1012.jpg,Q
Q1013.jpg,Q
Q1014.jpg,Q
Q1015.jpg,Q
Q1016.jpg,Q
Q1017.jpg,Q
Q1018.jpg,Q
Q1019.jpg,Q
Q102.jpg,Q
Q1020.jpg,Q
Q1021.jpg,Q
Q1022.jpg,Q
Q1023.jpg,Q
Q1024.jpg,Q
Q1025.jpg,Q
Q1026.jpg,Q
Q1027.jpg,Q
Q1028.jpg,Q
Q1029.jpg,Q
Q103.jpg,Q
Q1030.jpg,Q
Q1031.jpg,Q
Q1032.jpg,Q
Q1033.jpg,Q
Q1034.jpg,Q
Q1035.jpg,Q
Q1036.jpg,Q
Q1037.jpg,Q
Q1038.jpg,Q
Q1039.jpg,Q
Q104.jpg,Q
Q1040.jpg,Q
Q1041.jpg,Q
Q1042.jpg,Q
Q1043.jpg,Q
Q1044.jpg,Q
Q1045.jpg,Q
Q1046.jpg,Q
Q1047.jpg,Q
Q1048.jpg,Q
Q1049.jpg,Q
Q105.jpg,Q
Q1050.jpg,Q
Q1051.jpg,Q
Q1052.jpg,Q
Q1053.jpg,Q
Q1054.jpg,Q
Q1055.jpg,Q
Q1056.jpg,Q
Q1057.jpg,Q
Q1058.jpg,Q
Q1059.jpg,Q
Q106.jpg,Q
Q1060.jpg,Q
Q1061.jpg,Q
Q1062.jpg,Q
Q1063.jpg,Q
Q1064.jpg,Q
Q1065.jpg,Q
Q1066.jpg,Q
Q1067.jpg,Q
Q1068.jpg,Q
Q1069.jpg,Q
Q107.jpg,Q
Q1070.jpg,Q
Q1071.jpg,Q
Q1072.jpg,Q
Q1073.jpg,Q
Q1074.jpg,Q
Q1075.jpg,Q
Q1076.jpg,Q
Q1077.jpg,Q
Q1078.jpg,Q
Q1079.jpg,Q
Q108.jpg,Q
Q1080.jpg,Q
Q1081.jpg,Q
Q1082.jpg,Q
Q1083.jpg,Q
Q1084.jpg,Q
Q1085.jpg,Q
Q1086.jpg,Q
Q1087.jpg,Q
Q1088.jpg,Q
Q1089.jpg,Q
R1.jpg,R
R10.jpg,R
R100.jpg,R
R1000.jpg,R
R1001.jpg,R
R1002.jpg,R
R1003.jpg,R
R1004.jpg,R
R1005.jpg,R
R1006.jpg,R
R1007.jpg,R
R1008.jpg,R
R1009.jpg,R
R101.jpg,R
R1010.jpg,R
R1011.jpg,R
R1012.jpg,R
R1013.jpg,R
R1014.jpg,R
R1015.jpg,R
R1016.jpg,R
R1017.jpg,R
R1018.jpg,R
R1019.jpg,R
R102.jpg,R
R1020.jpg,R
R1021.jpg,R
R1022.jpg,R
R1023.jpg,R
R1024.jpg,R
R1025.jpg,R
R1026.jpg,R
R1027.jpg,R
R1028.jpg,R
R1029.jpg,R
R103.jpg,R
R1030.jpg,R
R1031.jpg,R
R1032.jpg,R
R1033.jpg,R
R1034.jpg,R
R1035.jpg,R
R1036.jpg,R
R1037.jpg,R
R1038.jpg,R
R1039.jpg,R
R104.jpg,R
R1040.jpg,R
R1041.jpg,R
R1042.jpg,R
R1043.jpg,R
R1044.jpg,R
R1045.jpg,R
R1046.jpg,R
R1047.jpg,R
R1048.jpg,R
R1049.jpg,R
R105.jpg,R
R1050.jpg,R
R1051.jpg,R
R1052.jpg,R
R1053.jpg,R
R1054.jpg,R
R1055.jpg,R
R1056.jpg,R
R1057.jpg,R
R1058.jpg,R
R1059.jpg,R
R106.jpg,R
R1060.jpg,R
R1061.jpg,R
R1062.jpg,R
R1063.jpg,R
R1064.jpg,R
R1065.jpg,R
R1066.jpg,R
R1067.jpg,R
R1068.jpg,R
R1069.jpg,R
R107.jpg,R
R1070.jpg,R
R1071.jpg,R
R1072.jpg,R
R1073.jpg,R
R1074.jpg,R
R1075.jpg,R
R1076.jpg,R
R1077.jpg,R
R1078.jpg,R
R1079.jpg,R
R108.jpg,R
R1080.jpg,R
R1081.jpg,R
R1082.jpg,R
R1083.jpg,R
R1084.jpg,R
R1085.jpg,R
R1086.jpg,R
R1087.jpg,R
R1088.jpg,R
R1089.jpg,R
S1.jpg,S
S10.jpg,S
S100.jpg,S
S1000.jpg,S
S1001.jpg,S
S1002.jpg,S
S1003.jpg,S
S1004.jpg,S
S1005.jpg,S
S1006.jpg,S
S1007.jpg,S
S1008.jpg,S
S1009.jpg,S
S101.jpg,S
S1010.jpg,S
S1011.jpg,S
S1012.jpg,S
S1013.jpg,S
S1014.jpg,S
S1015.jpg,S
S1016.jpg,S
S1017.jpg,S
S1018.jpg,S
S1019.jpg,S
S102.jpg,S
S1020.jpg,S
S1021.jpg,S
S1022.jpg,S
S1023.jpg,S
S1024.jpg,S
S1025.jpg,S
S1026.jpg,S
S1027.jpg,S
S1028.jpg,S
S1029.jpg,S
S103.jpg,S
S1030.jpg,S
S1031.jpg,S
S1032.jpg,S
S1033.jpg,S
S1034.jpg,S
S1035.jpg,S
S1036.jpg,S
S1037.jpg,S
S1038.jpg,S
S1039.jpg,S
S104.jpg,S
S1040.jpg,S
S1041.jpg,S
S1042.jpg,S
S1043.jpg,S
S1044.jpg,S
S1045.jpg,S
S1046.jpg,S
S1047.jpg,S
S1048.jpg,S
S1049.jpg,S
S105.jpg,S
S1050.jpg,S
S1051.jpg,S
S1052.jpg,S
S1053.jpg,S
S1054.jpg,S
S1055.jpg,S
S1056.jpg,S
S1057.jpg,S
S1058.jpg,S
S1059.jpg,S
S106.jpg,S
S1060.jpg,S
S1061.jpg,S
S1062.jpg,S
S1063.jpg,S
S1064.jpg,S
S1065.jpg,S
S1066.jpg,S
S1067.jpg,S
S1068.jpg,S
S1069.jpg,S
S107.jpg,S
S1070.jpg,S
S1071.jpg,S
S1072.jpg,S
S1073.jpg,S
S1074.jpg,S
S1075.jpg,S
S1076.jpg,S
S1077.jpg,S
S1078.jpg,S
S1079.jpg,S
S108.jpg,S
S1080.jpg,S
S1081.jpg,S
S1082.jpg,S
S1083.jpg,S
S1084.jpg,S
S1085.jpg,S
S1086.jpg,S
S1087.jpg,S
S1088.jpg,S
S1089.jpg,S
T1.jpg,T
T10.jpg,T
T100.jpg,T
T1000.jpg,T
T1001.jpg,T
T1002.jpg,T
T1003.jpg,T
T1004.jpg,T
T1005.jpg,T
T1006.jpg,T
T1007.jpg,T
T1008.jpg,T
T1009.jpg,T
T101.jpg,T
T1010.jpg,T
T1011.jpg,T
T1012.jpg,T
T1013.jpg,T
T1014.jpg,T
T1015.jpg,T
T1016.jpg,T
T1017.jpg,T
T1018.jpg,T
T1019.jpg,T
T102.jpg,T
T1020.jpg,T
T1021.jpg,T
T1022.jpg,T
T1023.jpg,T
T1024.jpg,T
T1025.jpg,T
T1026.jpg,T
T1027.jpg,T
T1028.jpg,T
T1029.jpg,T
T103.jpg,T
T1030.jpg,T
T1031.jpg,T
T1032.jpg,T
T1033.jpg,T
T1034.jpg,T
T1035.jpg,T
T1036.jpg,T
T1037.jpg,T
T1038.jpg,T
T1039.jpg,T
T104.jpg,T
T1040.jpg,T
T1041.jpg,T
T1042.jpg,T
T1043.jpg,T
T1044.jpg,T
T1045.jpg,T
T1046.jpg,T
T1047.jpg,T
T1048.jpg,T
T1049.jpg,T
T105.jpg,T
T1050.jpg,T
T1051.jpg,T
T1052.jpg,T
T1053.jpg,T
T1054.jpg,T
T1055.jpg,T
T1056.jpg,T
T1057.jpg,T
T1058.jpg,T
T1059.jpg,T
T106.jpg,T
T1060.jpg,T
T1061.jpg,T
T1062.jpg,T
T1063.jpg,T
T1064.jpg,T
T1065.jpg,T
T1066.jpg,T
T1067.jpg,T
T1068.jpg,T
T1069.jpg,T
T107.jpg,T
T1070.jpg,T
T1071.jpg,T
T1072.jpg,T
T1073.jpg,T
T1074.jpg,T
T1075.jpg,T
T1076.jpg,T
T1077.jpg,T
T1078.jpg,T
T1079.jpg,T
T108.jpg,T
T1080.jpg,T
T1081.jpg,T
T1082.jpg,T
T1083.jpg,T
T1084.jpg,T
T1085.jpg,T
T1086.jpg,T
T1087.jpg,T
T1088.jpg,T
T1089.jpg,T
U1.jpg,U
U10.jpg,U
U100.jpg,U
U1000.jpg,U
U1001.jpg,U
U1002.jpg,U
U1003.jpg,U
U1004.jpg,U
U1005.jpg,U
U1006.jpg,U
U1007.jpg,U
U1008.jpg,U
U1009.jpg,U
U101.jpg,U
U1010.jpg,U
U1011.jpg,U
U1012.jpg,U
U1013.jpg,U
U1014.jpg,U
U1015.jpg,U
U1016.jpg,U
U1017.jpg,U
U1018.jpg,U
U1019.jpg,U
U102.jpg,U
U1020.jpg,U
U1021.jpg,U
U1022.jpg,U
U1023.jpg,U
U1024.jpg,U
U1025.jpg,U
U1026.jpg,U
U1027.jpg,U
U1028.jpg,U
U1029.jpg,U
U103.jpg,U
U1030.jpg,U
U1031.jpg,U
U1032.jpg,U
U1033.jpg,U
U1034.jpg,U
U1035.jpg,U
U1036.jpg,U
U1037.jpg,U
U1038.jpg,U
U1039.jpg,U
U104.jpg,U
U1040.jpg,U
U1041.jpg,U
U1042.jpg,U
U1043.jpg,U
U1044.jpg,U
U1045.jpg,U
U1046.jpg,U
U1047.jpg,U
U1048.jpg,U
U1049.jpg,U
U105.jpg,U
U1050.jpg,U
U1051.jpg,U
U1052.jpg,U
U1053.jpg,U
U1054.jpg,U
U1055.jpg,U
U1056.jpg,U
U1057.jpg,U
U1058.jpg,U
U1059.jpg,U
U106.jpg,U
U1060.jpg,U
U1061.jpg,U
U1062.jpg,U
U1063.jpg,U
U1064.jpg,U
U1065.jpg,U
U1066.jpg,U
U1067.jpg,U
U1068.jpg,U
U1069.jpg,U
U107.jpg,U
U1070.jpg,U
U1071.jpg,U
U1072.jpg,U
U1073.jpg,U
U1074.jpg,U
U1075.jpg,U
U1076.jpg,U
U1077.jpg,U
U1078.jpg,U
U1079.jpg,U
U108.jpg,U
U1080.jpg,U
U1081.jpg,U
U1082.jpg,U
U1083.jpg,U
U1084.jpg,U
U1085.jpg,U
U1086.jpg,U
U1087.jpg,U
U1088.jpg,U
U1089.jpg,U
V1.jpg,V
V10.jpg,V
V100.jpg,V
V1000.jpg,V
V1001.jpg,V
V1002.jpg,V
V1003.jpg,V
V1004.jpg,V
V1005.jpg,V
V1006.jpg,V
V1007.jpg,V
V1008.jpg,V
V1009.jpg,V
V101.jpg,V
V1010.jpg,V
V1011.jpg,V
V1012.jpg,V
V1013.jpg,V
V1014.jpg,V
V1015.jpg,V
V1016.jpg,V
V1017.jpg,V
V1018.jpg,V
V1019.jpg,V
V102.jpg,V
V1020.jpg,V
V1021.jpg,V
V1022.jpg,V
V1023.jpg,V
V1024.jpg,V
V1025.jpg,V
V1026.jpg,V
V1027.jpg,V
V1028.jpg,V
V1029.jpg,V
V103.jpg,V
V1030.jpg,V
V1031.jpg,V
V1032.jpg,V
V1033.jpg,V
V1034.jpg,V
V1035.jpg,V
V1036.jpg,V
V1037.jpg,V
V1038.jpg,V
V1039.jpg,V
V104.jpg,V
V1040.jpg,V
V1041.jpg,V
V1042.jpg,V
V1043.jpg,V
V1044.jpg,V
V1045.jpg,V
V1046.jpg,V
V1047.jpg,V
V1048.jpg,V
V1049.jpg,V
V105.jpg,V
V1050.jpg,V
V1051.jpg,V
V1052.jpg,V
V1053.jpg,V
V1054.jpg,V
V1055.jpg,V
V1056.jpg,V
V1057.jpg,V
V1058.jpg,V
V1059.jpg,V
V106.jpg,V
V1060.jpg,V
V1061.jpg,V
V1062.jpg,V
V1063.jpg,V
V1064.jpg,V
V1065.jpg,V
V1066.jpg,V
V1067.jpg,V
V1068.jpg,V
V1069.jpg,V
V107.jpg,V
V1070.jpg,V
V1071.jpg,V
V1072.jpg,V
V1073.jpg,V
V1074.jpg,V
V1075.jpg,V
V1076.jpg,V
V1077.jpg,V
V1078.jpg,V
V1079.jpg,V
V108.jpg,V
V1080.jpg,V
V1081.jpg,V
V1082.jpg,V
V1083.jpg,V
V1084.jpg,V
V1085.jpg,V
V1086.jpg,V
V1087.jpg,V
V1088.jpg,V
V1089.jpg,V
W1.jpg,W
W10.jpg,W
W100.jpg,W
W1000.jpg,W
W1001.jpg,W
W1002.jpg,W
W1003.jpg,W
W1004.jpg,W
W1005.jpg,W
W1006.jpg,W
W1007.jpg,W
W1008.jpg,W
W1009.jpg,W
W101.jpg,W
W1010.jpg,W
W1011.jpg,W
W1012.jpg,W
W1013.jpg,W
W1014.jpg,W
W1015.jpg,W
W1016.jpg,W
W1017.jpg,W
W1018.jpg,W
W1019.jpg,W
W102.jpg,W
W1020.jpg,W
W1021.jpg,W
W1022.jpg,W
W1023.jpg,W
W1024.jpg,W
W1025.jpg,W
W1026.jpg,W
W1027.jpg,W
W1028.jpg,W
W1029.jpg,W
W103.jpg,W
W1030.jpg,W
W1031.jpg,W
W1032.jpg,W
W1033.jpg,W
W1034.jpg,W
W1035.jpg,W
W1036.jpg,W
W1037.jpg,W
W1038.jpg,W
W1039.jpg,W
W104.jpg,W
W1040.jpg,W
W1041.jpg,W
W1042.jpg,W
W1043.jpg,W
W1044.jpg,W
W1045.jpg,W
W1046.jpg,W
W1047.jpg,W
W1048.jpg,W
W1049.jpg,W
W105.jpg,W
W1050.jpg,W
W1051.jpg,W
W1052.jpg,W
W1053.jpg,W
W1054.jpg,W
W1055.jpg,W
W1056.jpg,W
W1057.jpg,W
W1058.jpg,W
W1059.jpg,W
W106.jpg,W
W1060.jpg,W
W1061.jpg,W
W1062.jpg,W
W1063.jpg,W
W1064.jpg,W
W1065.jpg,W
W1066.jpg,W
W1067.jpg,W
W1068.jpg,W
W1069.jpg,W
W107.jpg,W
W1070.jpg,W
W1071.jpg,W
W1072.jpg,W
W1073.jpg,W
W1074.jpg,W
W1075.jpg,W
W1076.jpg,W
W1077.jpg,W
W1078.jpg,W
W1079.jpg,W
W108.jpg,W
W1080.jpg,W
W1081.jpg,W
W1082.jpg,W
W1083.jpg,W
W1084.jpg,W
W1085.jpg,W
W1086.jpg,W
W1087.jpg,W
W1088.jpg,W
W1089.jpg,W
X1.jpg,X
X10.jpg,X
X100.jpg,X
X1000.jpg,X
X1001.jpg,X
X1002.jpg,X
X1003.jpg,X
X1004.jpg,X
X1005.jpg,X
X1006.jpg,X
X1007.jpg,X
X1008.jpg,X
X1009.jpg,X
X101.jpg,X
X1010.jpg,X
X1011.jpg,X
X1012.jpg,X
X1013.jpg,X
X1014.jpg,X
X1015.jpg,X
X1016.jpg,X
X1017.jpg,X
X1018.jpg,X
X1019.jpg,X
X102.jpg,X
X1020.jpg,X
X1021.jpg,X
X1022.jpg,X
X1023.jpg,X
X1024.jpg,X
X1025.jpg,X
X1026.jpg,X
X1027.jpg,X
X1028.jpg,X
X1029.jpg,X
X103.jpg,X
X1030.jpg,X
X1031.jpg,X
X1032.jpg,X
X1033.jpg,X
X1034.jpg,X
X1035.jpg,X
X1036.jpg,X
X1037.jpg,X
X1038.jpg,X
X1039.jpg,X
X104.jpg,X
X1040.jpg,X
X1041.jpg,X
X1042.jpg,X
X1043.jpg,X
X1044.jpg,X
X1045.jpg,X
X1046.jpg,X
X1047.jpg,X
X1048.jpg,X
X1049.jpg,X
X105.jpg,X
X1050.jpg,X
X1051.jpg,X
X1052.jpg,X
X1053.jpg,X
X1054.jpg,X
X1055.jpg,X
X1056.jpg,X
X1057.jpg,X
X1058.jpg,X
X1059.jpg,X
X106.jpg,X
X1060.jpg,X
X1061.jpg,X
X1062.jpg,X
X1063.jpg,X
X1064.jpg,X
X1065.jpg,X
X1066.jpg,X
X1067.jpg,X
X1068.jpg,X
X1069.jpg,X
X107.jpg,X
X1070.jpg,X
X1071.jpg,X
X1072.jpg,X
X1073.jpg,X
X1074.jpg,X
X1075.jpg,X
X1076.jpg,X
X1077.jpg,X
X1078.jpg,X
X1079.jpg,X
X108.jpg,X
X1080.jpg,X
X1081.jpg,X
X1082.jpg,X
X1083.jpg,X
X1084.jpg,X
X1085.jpg,X
X1086.jpg,X
X1087.jpg,X
X1088.jpg,X
X1089.jpg,X
Y1.jpg,Y
Y10.jpg,Y
Y100.jpg,Y
Y1000.jpg,Y
Y1001.jpg,Y
Y1002.jpg,Y
Y1003.jpg,Y
Y1004.jpg,Y
Y1005.jpg,Y
Y1006.jpg,Y
Y1007.jpg,Y
Y1008.jpg,Y
Y1009.jpg,Y
Y101.jpg,Y
Y1010.jpg,Y
Y1011.jpg,Y
Y1012.jpg,Y
Y1013.jpg,Y
Y1014.jpg,Y
Y1015.jpg,Y
Y1016.jpg,Y
Y1017.jpg,Y
Y1018.jpg,Y
Y1019.jpg,Y
Y102.jpg,Y
Y1020.jpg,Y
Y1021.jpg,Y
Y1022.jpg,Y
Y1023.jpg,Y
Y1024.jpg,Y
Y1025.jpg,Y
Y1026.jpg,Y
Y1027.jpg,Y
Y1028.jpg,Y
Y1029.jpg,Y
Y103.jpg,Y
Y1030.jpg,Y
Y1031.jpg,Y
Y1032.jpg,Y
Y1033.jpg,Y
Y1034.jpg,Y
Y1035.jpg,Y
Y1036.jpg,Y
Y1037.jpg,Y
Y1038.jpg,Y
Y1039.jpg,Y
Y104.jpg,Y
Y1040.jpg,Y
Y1041.jpg,Y
Y1042.jpg,Y
Y1043.jpg,Y
Y1044.jpg,Y
Y1045.jpg,Y
Y1046.jpg,Y
Y1047.jpg,Y
Y1048.jpg,Y
Y1049.jpg,Y
Y105.jpg,Y
Y1050.jpg,Y
Y1051.jpg,Y
Y1052.jpg,Y
Y1053.jpg,Y
Y1054.jpg,Y
Y1055.jpg,Y
Y1056.jpg,Y
Y1057.jpg,Y
Y1058.jpg,Y
Y1059.jpg,Y
Y106.jpg,Y
Y1060.jpg,Y
Y1061.jpg,Y
Y1062.jpg,Y
Y1063.jpg,Y
Y1064.jpg,Y
Y1065.jpg,Y
Y1066.jpg,Y
Y1067.jpg,Y
Y1068.jpg,Y
Y1069.jpg,Y
Y107.jpg,Y
Y1070.jpg,Y
Y1071.jpg,Y
Y1072.jpg,Y
Y1073.jpg,Y
Y1074.jpg,Y
Y1075.jpg,Y
Y1076.jpg,Y
Y1077.jpg,Y
Y1078.jpg,Y
Y1079.jpg,Y
Y108.jpg,Y
Y1080.jpg,Y
Y1081.jpg,Y
Y1082.jpg,Y
Y1083.jpg,Y
Y1084.jpg,Y
Y1085.jpg,Y
Y1086.jpg,Y
Y1087.jpg,Y
Y1088.jpg,Y
Y1089.jpg,Y
Z2396.jpg,Z
Z2397.jpg,Z
Z2398.jpg,Z
Z2399.jpg,Z
Z24.jpg,Z
Z240.jpg,Z
Z2400.jpg,Z
Z2401.jpg,Z
Z2402.jpg,Z
Z2403.jpg,Z
Z2404.jpg,Z
Z2405.jpg,Z
Z2406.jpg,Z
Z2407.jpg,Z
Z2408.jpg,Z
Z2409.jpg,Z
Z241.jpg,Z
Z2410.jpg,Z
Z2411.jpg,Z
Z2412.jpg,Z
Z2413.jpg,Z
Z2414.jpg,Z
Z2415.jpg,Z
Z2416.jpg,Z
Z2417.jpg,Z
Z2418.jpg,Z
Z2419.jpg,Z
Z242.jpg,Z
Z2420.jpg,Z
Z2421.jpg,Z
Z2422.jpg,Z
Z2423.jpg,Z
Z2424.jpg,Z
Z2425.jpg,Z
Z2426.jpg,Z
Z2427.jpg,Z
Z2428.jpg,Z
Z2429.jpg,Z
Z243.jpg,Z
Z2430.jpg,Z
Z2431.jpg,Z
Z2432.jpg,Z
Z2433.jpg,Z
Z2434.jpg,Z
Z2435.jpg,Z
Z2436.jpg,Z
Z2437.jpg,Z
Z2438.jpg,Z
Z2439.jpg,Z
Z244.jpg,Z
Z2440.jpg,Z
Z2441.jpg,Z
Z2442.jpg,Z
Z2443.jpg,Z
Z2444.jpg,Z
Z2445.jpg,Z
Z2446.jpg,Z
Z2447.jpg,Z
Z2448.jpg,Z
Z2449.jpg,Z
Z245.jpg,Z
Z2450.jpg,Z
Z2451.jpg,Z
Z2452.jpg,Z
Z2453.jpg,Z
Z2454.jpg,Z
Z2455.jpg,Z
Z2456.jpg,Z
Z2457.jpg,Z
Z2458.jpg,Z
Z2459.jpg,Z
Z246.jpg,Z
Z2460.jpg,Z
Z2461.jpg,Z
Z2462.jpg,Z
Z2463.jpg,Z
Z2464.jpg,Z
Z2465.jpg,Z
Z2466.jpg,Z
Z2467.jpg,Z
Z2468.jpg,Z
Z2469.jpg,Z
Z247.jpg,Z
Z2470.jpg,Z
Z2471.jpg,Z
Z2472.jpg,Z
Z2473.jpg,Z
Z2474.jpg,Z
Z2475.jpg,Z
Z2476.jpg,Z
Z2477.jpg,Z
Z2478.jpg,Z
Z2479.jpg,Z
Z248.jpg,Z
Z2480.jpg,Z
Z2481.jpg,Z
Z2482.jpg,Z
Z2483.jpg,Z
Z2484.jpg,Z
Z2485.jpg,Z
Z2486.jpg,Z
